ccode,year,x
2,2010,0.14204545454545456
20,2010,0.4147727272727273
31,2010,0.8522727272727273
40,2010,0.8806818181818182
41,2010,0.7954545454545454
42,2010,0.6761363636363636
51,2010,0.6704545454545454
52,2010,0.7045454545454546
53,2010,0.8806818181818182
54,2010,0.3465909090909091
55,2010,0.5227272727272727
56,2010,0.7159090909090909
57,2010,0.6647727272727273
58,2010,0.7386363636363636
60,2010,0.48295454545454547
70,2010,0.8352272727272727
80,2010,0.8409090909090909
90,2010,0.7784090909090909
91,2010,0.7840909090909091
92,2010,0.625
93,2010,0.8977272727272727
94,2010,0.8409090909090909
95,2010,0.7613636363636364
100,2010,0.7897727272727273
101,2010,0.7272727272727273
110,2010,0.7727272727272727
115,2010,0.5113636363636364
130,2010,0.6704545454545454
135,2010,0.8465909090909091
140,2010,0.875
145,2010,0.8806818181818182
150,2010,0.8409090909090909
155,2010,0.6306818181818182
160,2010,0.8522727272727273
165,2010,0.6704545454545454
200,2010,0.4034090909090909
205,2010,0.7159090909090909
210,2010,0.6761363636363636
211,2010,0.4602272727272727
212,2010,0.5511363636363636
220,2010,0.6136363636363636
221,2010,0.6647727272727273
223,2010,0.4943181818181818
225,2010,0.5284090909090909
230,2010,0.5056818181818182
232,2010,0.6761363636363636
235,2010,0.5056818181818182
255,2010,0.6931818181818182
290,2010,0.6136363636363636
305,2010,0.7272727272727273
310,2010,0.6704545454545454
316,2010,0.6761363636363636
317,2010,0.6647727272727273
325,2010,0.6590909090909091
331,2010,0.6590909090909091
338,2010,0.7443181818181818
339,2010,0.5681818181818182
341,2010,0.4772727272727273
343,2010,0.6022727272727273
344,2010,0.6988636363636364
345,2010,0.48863636363636365
346,2010,0.7329545454545454
349,2010,0.5340909090909091
350,2010,0.8465909090909091
352,2010,0.7102272727272727
355,2010,0.5454545454545454
359,2010,0.5852272727272727
360,2010,0.5397727272727273
365,2010,0.6534090909090909
366,2010,0.6875
367,2010,0.6193181818181818
368,2010,0.5852272727272727
369,2010,0.4772727272727273
370,2010,0.8920454545454546
371,2010,0.8068181818181818
372,2010,0.6647727272727273
373,2010,0.8579545454545454
375,2010,0.7102272727272727
380,2010,0.6818181818181818
385,2010,0.48863636363636365
390,2010,0.6818181818181818
395,2010,0.7045454545454546
402,2010,0.6590909090909091
403,2010,0.3806818181818182
404,2010,0.6988636363636364
411,2010,0.26136363636363635
420,2010,0.8352272727272727
432,2010,0.8295454545454546
433,2010,0.8125
434,2010,0.7727272727272727
435,2010,0.9034090909090909
436,2010,0.8806818181818182
437,2010,0.6647727272727273
438,2010,0.7784090909090909
439,2010,0.7045454545454546
450,2010,0.6875
451,2010,0.5511363636363636
452,2010,0.8636363636363636
461,2010,0.6988636363636364
471,2010,0.6818181818181818
475,2010,0.6647727272727273
481,2010,0.8636363636363636
482,2010,0.5625
483,2010,0.0625
484,2010,0.5681818181818182
490,2010,0.5568181818181818
500,2010,0.6477272727272727
501,2010,0.875
510,2010,0.6306818181818182
516,2010,0.26136363636363635
517,2010,0.5113636363636364
520,2010,0.8068181818181818
522,2010,0.6647727272727273
530,2010,0.6420454545454546
531,2010,0.8920454545454546
540,2010,0.8238636363636364
541,2010,0.7840909090909091
551,2010,0.6477272727272727
552,2010,0.8579545454545454
553,2010,0.8238636363636364
560,2010,0.7443181818181818
565,2010,0.6704545454545454
570,2010,0.6875
571,2010,0.8522727272727273
572,2010,0.8011363636363636
580,2010,0.8636363636363636
581,2010,0.8181818181818182
590,2010,0.8579545454545454
591,2010,0.4659090909090909
600,2010,0.8977272727272727
615,2010,0.7613636363636364
616,2010,0.875
620,2010,0.6818181818181818
625,2010,0.7045454545454546
626,2010,0.005681818181818182
630,2010,0.8409090909090909
640,2010,0.7329545454545454
645,2010,0.6704545454545454
651,2010,0.6988636363636364
652,2010,0.7195121951219512
660,2010,0.8409090909090909
663,2010,0.8977272727272727
666,2010,0.39204545454545453
670,2010,0.6988636363636364
679,2010,0.8735632183908046
690,2010,0.9147727272727273
692,2010,0.9147727272727273
694,2010,0.7159090909090909
696,2010,0.7102272727272727
698,2010,0.7102272727272727
700,2010,0.7386363636363636
701,2010,0.7556818181818182
702,2010,0.6818181818181818
703,2010,0.8068181818181818
704,2010,0.6534090909090909
705,2010,0.8579545454545454
712,2010,0.8295454545454546
731,2010,0.8352272727272727
732,2010,0.5454545454545454
740,2010,0.7386363636363636
750,2010,0.8465909090909091
760,2010,0.8125
770,2010,0.6647727272727273
771,2010,0.9204545454545454
775,2010,0.8977272727272727
780,2010,0.6931818181818182
781,2010,0.8465909090909091
790,2010,0.8863636363636364
800,2010,0.8806818181818182
811,2010,0.8863636363636364
812,2010,0.8693181818181818
816,2010,0.6875
820,2010,0.9204545454545454
830,2010,0.7159090909090909
835,2010,0.9204545454545454
840,2010,0.8693181818181818
850,2010,0.9147727272727273
860,2010,0.8181818181818182
900,2010,0.6079545454545454
910,2010,0.8352272727272727
920,2010,0.6647727272727273
935,2010,0.4318181818181818
940,2010,0.6534090909090909
946,2010,0.25
947,2010,0.8579545454545454
950,2010,0.7897727272727273
955,2010,0.5511363636363636
970,2010,0.2556818181818182
983,2010,0.4772727272727273
986,2010,0.19318181818181818
987,2010,0.4090909090909091
990,2010,0.6704545454545454
2,2011,0.16161616161616163
20,2011,0.2474747474747475
31,2011,0.8535353535353535
40,2011,0.8434343434343434
41,2011,0.7474747474747475
42,2011,0.5959595959595959
51,2011,0.5808080808080808
52,2011,0.7424242424242424
53,2011,0.8686868686868687
54,2011,0.51010101010101
55,2011,0.5858585858585859
56,2011,0.5505050505050505
57,2011,0.6111111111111112
58,2011,0.8737373737373737
60,2011,0.5656565656565656
70,2011,0.8181818181818182
80,2011,0.8737373737373737
90,2011,0.8080808080808081
91,2011,0.8181818181818182
92,2011,0.5252525252525253
93,2011,0.7929292929292929
94,2011,0.8333333333333334
95,2011,0.7575757575757576
100,2011,0.7676767676767676
101,2011,0.6262626262626263
110,2011,0.7373737373737373
115,2011,0.5202020202020202
130,2011,0.5909090909090909
135,2011,0.8636363636363636
140,2011,0.9141414141414141
145,2011,0.8535353535353535
150,2011,0.8181818181818182
155,2011,0.5808080808080808
160,2011,0.8636363636363636
165,2011,0.6464646464646465
200,2011,0.4444444444444444
205,2011,0.7171717171717171
210,2011,0.6565656565656566
211,2011,0.4292929292929293
212,2011,0.6666666666666666
220,2011,0.6666666666666666
221,2011,0.702020202020202
223,2011,0.4595959595959596
225,2011,0.4444444444444444
230,2011,0.4797979797979798
232,2011,0.6767676767676768
235,2011,0.4898989898989899
255,2011,0.7222222222222222
290,2011,0.47474747474747475
305,2011,0.7424242424242424
310,2011,0.7171717171717171
316,2011,0.6818181818181818
317,2011,0.7121212121212122
325,2011,0.6313131313131313
331,2011,0.7070707070707071
338,2011,0.7272727272727273
339,2011,0.5555555555555556
341,2011,0.4494949494949495
343,2011,0.44387755102040816
344,2011,0.6060606060606061
345,2011,0.4472049689440994
346,2011,0.7070707070707071
349,2011,0.4898989898989899
350,2011,0.7272727272727273
352,2011,0.7272727272727273
355,2011,0.4797979797979798
359,2011,0.5663265306122449
360,2011,0.51010101010101
365,2011,0.6363636363636364
366,2011,0.702020202020202
367,2011,0.6515151515151515
368,2011,0.5808080808080808
369,2011,0.494949494949495
370,2011,0.8535353535353535
371,2011,0.7676767676767676
372,2011,0.5707070707070707
373,2011,0.8232323232323232
375,2011,0.7171717171717171
380,2011,0.6767676767676768
385,2011,0.4494949494949495
390,2011,0.6818181818181818
395,2011,0.7424242424242424
402,2011,0.7222222222222222
403,2011,0.3888888888888889
404,2011,0.6565656565656566
411,2011,0.43434343434343436
420,2011,0.4898989898989899
432,2011,0.8080808080808081
433,2011,0.6666666666666666
434,2011,0.8686868686868687
435,2011,0.7878787878787878
436,2011,0.6363636363636364
437,2011,0.7929292929292929
438,2011,0.7272727272727273
439,2011,0.6565656565656566
450,2011,0.5909090909090909
451,2011,0.6111111111111112
452,2011,0.8080808080808081
461,2011,0.6262626262626263
471,2011,0.6565656565656566
475,2011,0.4292929292929293
481,2011,0.5959595959595959
482,2011,0.19696969696969696
483,2011,0.5808080808080808
484,2011,0.5656565656565656
490,2011,0.4444444444444444
500,2011,0.8181818181818182
501,2011,0.8585858585858586
510,2011,0.494949494949495
516,2011,0.5353535353535354
517,2011,0.3434343434343434
520,2011,0.5909090909090909
522,2011,0.5959595959595959
530,2011,0.5757575757575758
531,2011,0.7575757575757576
540,2011,0.7575757575757576
541,2011,0.8333333333333334
551,2011,0.5808080808080808
552,2011,0.8282828282828283
553,2011,0.7222222222222222
560,2011,0.6161616161616161
565,2011,0.8434343434343434
570,2011,0.6161616161616161
571,2011,0.8232323232323232
572,2011,0.8131313131313131
580,2011,0.7878787878787878
581,2011,0.47474747474747475
590,2011,0.8383838383838383
591,2011,0.35858585858585856
600,2011,0.8838383838383839
615,2011,0.6818181818181818
616,2011,0.8282828282828283
620,2011,0.5543478260869565
625,2011,0.6212121212121212
626,2011,0.13131313131313133
630,2011,0.8383838383838383
640,2011,0.7070707070707071
645,2011,0.5808080808080808
651,2011,0.5959595959595959
652,2011,0.6141304347826086
660,2011,0.8282828282828283
663,2011,0.8636363636363636
666,2011,0.41919191919191917
670,2011,0.6565656565656566
679,2011,0.865979381443299
690,2011,0.8585858585858586
692,2011,0.8636363636363636
694,2011,0.6565656565656566
696,2011,0.6414141414141414
698,2011,0.6161616161616161
700,2011,0.7676767676767676
701,2011,0.797979797979798
702,2011,0.8434343434343434
703,2011,0.8434343434343434
704,2011,0.6161616161616161
705,2011,0.8585858585858586
712,2011,0.5656565656565656
731,2011,0.7575757575757576
732,2011,0.4797979797979798
740,2011,0.7575757575757576
750,2011,0.8787878787878788
760,2011,0.8282828282828283
770,2011,0.6111111111111112
771,2011,0.8838383838383839
775,2011,0.7676767676767676
780,2011,0.6262626262626263
781,2011,0.8585858585858586
790,2011,0.9090909090909091
800,2011,0.8737373737373737
811,2011,0.803030303030303
812,2011,0.8838383838383839
816,2011,0.6363636363636364
820,2011,0.8686868686868687
830,2011,0.7121212121212122
835,2011,0.9040404040404041
840,2011,0.8686868686868687
850,2011,0.8888888888888888
860,2011,0.7929292929292929
900,2011,0.6666666666666666
910,2011,0.8080808080808081
920,2011,0.7272727272727273
935,2011,0.4696969696969697
940,2011,0.6868686868686869
946,2011,0.2878787878787879
947,2011,0.7222222222222222
950,2011,0.8282828282828283
955,2011,0.5
970,2011,0.2828282828282828
983,2011,0.48484848484848486
986,2011,0.20707070707070707
987,2011,0.4494949494949495
990,2011,0.5909090909090909
2,2012,0.13043478260869565
20,2012,0.24456521739130435
31,2012,0.8260869565217391
40,2012,0.842391304347826
41,2012,0.7228260869565217
42,2012,0.592391304347826
51,2012,0.6032608695652174
52,2012,0.8206521739130435
53,2012,0.782608695652174
54,2012,0.7608695652173914
55,2012,0.6630434782608695
56,2012,0.6141304347826086
57,2012,0.6793478260869565
58,2012,0.8043478260869565
60,2012,0.5434782608695652
70,2012,0.7554347826086957
80,2012,0.7989130434782609
90,2012,0.717391304347826
91,2012,0.7119565217391305
92,2012,0.5434782608695652
93,2012,0.8152173913043478
94,2012,0.7663043478260869
95,2012,0.7010869565217391
100,2012,0.7282608695652174
101,2012,0.6358695652173914
110,2012,0.717391304347826
115,2012,0.6195652173913043
130,2012,0.6304347826086957
135,2012,0.782608695652174
140,2012,0.8152173913043478
145,2012,0.842391304347826
150,2012,0.7989130434782609
155,2012,0.5815217391304348
160,2012,0.7880434782608695
165,2012,0.6413043478260869
200,2012,0.3532608695652174
205,2012,0.6739130434782609
210,2012,0.6141304347826086
211,2012,0.41304347826086957
212,2012,0.6521739130434783
220,2012,0.6086956521739131
221,2012,0.625
223,2012,0.44565217391304346
225,2012,0.45108695652173914
230,2012,0.46195652173913043
232,2012,0.625
235,2012,0.46195652173913043
255,2012,0.625
290,2012,0.46195652173913043
305,2012,0.6630434782608695
310,2012,0.6413043478260869
316,2012,0.6358695652173914
317,2012,0.6413043478260869
325,2012,0.43478260869565216
331,2012,0.6141304347826086
338,2012,0.6304347826086957
339,2012,0.4945652173913043
341,2012,0.5652173913043478
343,2012,0.42391304347826086
344,2012,0.6304347826086957
345,2012,0.4742647058823529
346,2012,0.6304347826086957
349,2012,0.5
350,2012,0.6467391304347826
352,2012,0.6630434782608695
355,2012,0.42391304347826086
359,2012,0.5434782608695652
360,2012,0.4782608695652174
365,2012,0.6032608695652174
366,2012,0.592391304347826
367,2012,0.5760869565217391
368,2012,0.5652173913043478
369,2012,0.4673913043478261
370,2012,0.8097826086956522
371,2012,0.7663043478260869
372,2012,0.6358695652173914
373,2012,0.7989130434782609
375,2012,0.625
380,2012,0.45108695652173914
385,2012,0.45108695652173914
390,2012,0.5434782608695652
395,2012,0.6739130434782609
402,2012,0.7119565217391305
403,2012,0.1956521739130435
404,2012,0.6032608695652174
411,2012,0.2717391304347826
420,2012,0.6032608695652174
432,2012,0.7771739130434783
433,2012,0.6467391304347826
434,2012,0.7663043478260869
435,2012,0.7771739130434783
436,2012,0.7771739130434783
437,2012,0.7880434782608695
438,2012,0.6956521739130435
439,2012,0.6684782608695652
450,2012,0.5597826086956522
451,2012,0.4782608695652174
452,2012,0.5652173913043478
461,2012,0.592391304347826
471,2012,0.6032608695652174
475,2012,0.6141304347826086
481,2012,0.6847826086956522
482,2012,0.3804347826086957
483,2012,0.3641304347826087
484,2012,0.7282608695652174
490,2012,0.5217391304347826
500,2012,0.6902173913043478
501,2012,0.7989130434782609
510,2012,0.6086956521739131
516,2012,0.5163043478260869
517,2012,0.6358695652173914
520,2012,0.7445652173913043
522,2012,0.6032608695652174
530,2012,0.592391304347826
531,2012,0.7934782608695652
540,2012,0.8152173913043478
541,2012,0.7717391304347826
551,2012,0.5978260869565217
552,2012,0.782608695652174
553,2012,0.6521739130434783
560,2012,0.6467391304347826
565,2012,0.7934782608695652
570,2012,0.6467391304347826
571,2012,0.8043478260869565
572,2012,0.7282608695652174
580,2012,0.5869565217391305
581,2012,0.5815217391304348
590,2012,0.8152173913043478
591,2012,0.20108695652173914
600,2012,0.782608695652174
615,2012,0.717391304347826
616,2012,0.8369565217391305
620,2012,0.6195652173913043
625,2012,0.6141304347826086
626,2012,0.28804347826086957
630,2012,0.7228260869565217
640,2012,0.6793478260869565
645,2012,0.625
651,2012,0.625
652,2012,0.6629213483146067
660,2012,0.7934782608695652
663,2012,0.8206521739130435
666,2012,0.3804347826086957
670,2012,0.7119565217391305
679,2012,0.8202247191011236
690,2012,0.842391304347826
692,2012,0.782608695652174
694,2012,0.6684782608695652
696,2012,0.6521739130434783
698,2012,0.6684782608695652
700,2012,0.7228260869565217
701,2012,0.7771739130434783
702,2012,0.7771739130434783
703,2012,0.8043478260869565
704,2012,0.6684782608695652
705,2012,0.782608695652174
712,2012,0.5597826086956522
731,2012,0.7717391304347826
732,2012,0.5054347826086957
740,2012,0.6793478260869565
750,2012,0.8315217391304348
760,2012,0.8369565217391305
770,2012,0.657608695652174
771,2012,0.842391304347826
775,2012,0.717391304347826
780,2012,0.6739130434782609
781,2012,0.75
790,2012,0.8043478260869565
800,2012,0.8043478260869565
811,2012,0.7336956521739131
812,2012,0.8097826086956522
816,2012,0.6630434782608695
820,2012,0.8097826086956522
830,2012,0.6413043478260869
835,2012,0.8478260869565217
840,2012,0.8097826086956522
850,2012,0.8097826086956522
860,2012,0.7391304347826086
900,2012,0.6032608695652174
910,2012,0.6630434782608695
920,2012,0.6630434782608695
935,2012,0.5380434782608695
940,2012,0.8206521739130435
946,2012,0.22826086956521738
947,2012,0.7880434782608695
950,2012,0.7989130434782609
955,2012,0.5543478260869565
970,2012,0.266304347826087
983,2012,0.43478260869565216
986,2012,0.18478260869565216
987,2012,0.3641304347826087
990,2012,0.5815217391304348
2,2013,0.1885245901639344
20,2013,0.3114754098360656
31,2013,0.8524590163934426
40,2013,0.8852459016393442
41,2013,0.5327868852459017
42,2013,0.8524590163934426
51,2013,0.860655737704918
52,2013,0.8770491803278688
53,2013,0.8524590163934426
54,2013,0.19672131147540983
55,2013,0.7950819672131147
56,2013,0.8524590163934426
57,2013,0.8934426229508197
58,2013,0.8852459016393442
60,2013,0.45081967213114754
70,2013,0.8524590163934426
80,2013,0.8524590163934426
90,2013,0.8278688524590164
91,2013,0.819672131147541
92,2013,0.8032786885245902
93,2013,0.8852459016393442
94,2013,0.8442622950819673
95,2013,0.7377049180327869
100,2013,0.8278688524590164
101,2013,0.8770491803278688
110,2013,0.8688524590163934
115,2013,0.8688524590163934
130,2013,0.8770491803278688
135,2013,0.8360655737704918
140,2013,0.8934426229508197
145,2013,0.8442622950819673
150,2013,0.7131147540983607
155,2013,0.8360655737704918
160,2013,0.8524590163934426
165,2013,0.8524590163934426
200,2013,0.5081967213114754
205,2013,0.639344262295082
210,2013,0.6065573770491803
211,2013,0.5737704918032787
212,2013,0.5983606557377049
220,2013,0.5655737704918032
221,2013,0.6229508196721312
223,2013,0.6065573770491803
225,2013,0.6475409836065574
230,2013,0.6229508196721312
232,2013,0.639344262295082
235,2013,0.5983606557377049
255,2013,0.5819672131147541
290,2013,0.5737704918032787
305,2013,0.6557377049180327
310,2013,0.6147540983606558
316,2013,0.5901639344262295
317,2013,0.6065573770491803
325,2013,0.6065573770491803
331,2013,0.6475409836065574
338,2013,0.639344262295082
339,2013,0.5819672131147541
341,2013,0.639344262295082
343,2013,0.6311475409836066
344,2013,0.5901639344262295
345,2013,0.6507936507936508
346,2013,0.6311475409836066
349,2013,0.6147540983606558
350,2013,0.6147540983606558
352,2013,0.6557377049180327
355,2013,0.5983606557377049
359,2013,0.5983606557377049
360,2013,0.6147540983606558
365,2013,0.7950819672131147
366,2013,0.5819672131147541
367,2013,0.5737704918032787
368,2013,0.6065573770491803
369,2013,0.6065573770491803
370,2013,0.7704918032786885
371,2013,0.8114754098360656
372,2013,0.6229508196721312
373,2013,0.8360655737704918
375,2013,0.6147540983606558
380,2013,0.6065573770491803
385,2013,0.6065573770491803
390,2013,0.5901639344262295
395,2013,0.6229508196721312
402,2013,0.8770491803278688
403,2013,0.8688524590163934
404,2013,0.860655737704918
411,2013,0.28688524590163933
420,2013,0.8360655737704918
432,2013,0.8114754098360656
433,2013,0.8442622950819673
434,2013,0.860655737704918
435,2013,0.8442622950819673
436,2013,0.8852459016393442
437,2013,0.8524590163934426
438,2013,0.8442622950819673
439,2013,0.8114754098360656
450,2013,0.7868852459016393
451,2013,0.8278688524590164
452,2013,0.6557377049180327
461,2013,0.8442622950819673
471,2013,0.6557377049180327
475,2013,0.8688524590163934
481,2013,0.6147540983606558
482,2013,0.01639344262295082
483,2013,0.3770491803278688
484,2013,0.8442622950819673
490,2013,0.5983606557377049
500,2013,0.8688524590163934
501,2013,0.7950819672131147
510,2013,0.8852459016393442
516,2013,0.7213114754098361
517,2013,0.5409836065573771
520,2013,0.8688524590163934
522,2013,0.8442622950819673
530,2013,0.8442622950819673
531,2013,0.8278688524590164
540,2013,0.8524590163934426
541,2013,0.8524590163934426
551,2013,0.8524590163934426
552,2013,0.8524590163934426
553,2013,0.6885245901639344
560,2013,0.8442622950819673
565,2013,0.8934426229508197
570,2013,0.860655737704918
571,2013,0.7622950819672131
572,2013,0.8688524590163934
580,2013,0.6065573770491803
581,2013,0.5737704918032787
590,2013,0.8688524590163934
591,2013,0.7540983606557377
600,2013,0.860655737704918
615,2013,0.8852459016393442
616,2013,0.8442622950819673
620,2013,0.860655737704918
625,2013,0.8278688524590164
626,2013,0.38524590163934425
630,2013,0.8360655737704918
640,2013,0.6639344262295082
645,2013,0.860655737704918
651,2013,0.860655737704918
652,2013,0.8278688524590164
660,2013,0.8442622950819673
663,2013,0.860655737704918
666,2013,0.22131147540983606
670,2013,0.860655737704918
679,2013,0.8442622950819673
690,2013,0.8688524590163934
692,2013,0.8688524590163934
694,2013,0.8524590163934426
696,2013,0.860655737704918
698,2013,0.860655737704918
700,2013,0.8688524590163934
701,2013,0.8114754098360656
702,2013,0.860655737704918
703,2013,0.9016393442622951
704,2013,0.860655737704918
705,2013,0.8688524590163934
712,2013,0.8114754098360656
731,2013,0.7950819672131147
732,2013,0.639344262295082
740,2013,0.6639344262295082
750,2013,0.8688524590163934
760,2013,0.8852459016393442
770,2013,0.8688524590163934
771,2013,0.8852459016393442
775,2013,0.8360655737704918
780,2013,0.8688524590163934
781,2013,0.8442622950819673
790,2013,0.8770491803278688
800,2013,0.8770491803278688
811,2013,0.8852459016393442
812,2013,0.860655737704918
816,2013,0.8524590163934426
820,2013,0.8688524590163934
830,2013,0.8852459016393442
835,2013,0.9016393442622951
840,2013,0.8934426229508197
850,2013,0.8852459016393442
860,2013,0.8114754098360656
900,2013,0.5
910,2013,0.7786885245901639
920,2013,0.6639344262295082
935,2013,0.3442622950819672
940,2013,0.8688524590163934
946,2013,0.6065573770491803
947,2013,0.7459016393442623
950,2013,0.860655737704918
955,2013,0.6311475409836066
970,2013,0.3442622950819672
983,2013,0.4262295081967213
986,2013,0.319672131147541
987,2013,0.26229508196721313
990,2013,0.7786885245901639
2,2014,0.2
20,2014,0.3375
31,2014,0.76875
40,2014,0.8375
41,2014,0.575
42,2014,0.83125
51,2014,0.81875
52,2014,0.825
53,2014,0.80625
54,2014,0.26875
55,2014,0.75
56,2014,0.84375
57,2014,0.8125
58,2014,0.8125
60,2014,0.525
70,2014,0.7875
80,2014,0.7625
90,2014,0.7875
91,2014,0.725
92,2014,0.8125
93,2014,0.83125
94,2014,0.79375
95,2014,0.75625
100,2014,0.76875
101,2014,0.8
110,2014,0.85625
115,2014,0.825
130,2014,0.85625
135,2014,0.79375
140,2014,0.84375
145,2014,0.81875
150,2014,0.725
155,2014,0.8125
160,2014,0.8125
165,2014,0.8125
200,2014,0.46875
205,2014,0.5125
210,2014,0.5625
211,2014,0.55
212,2014,0.58125
220,2014,0.5125
221,2014,0.55625
223,2014,0.6
225,2014,0.61875
230,2014,0.58125
232,2014,0.5875
235,2014,0.58125
255,2014,0.55
290,2014,0.56875
305,2014,0.6125
310,2014,0.55
316,2014,0.5625
317,2014,0.575
325,2014,0.5875
331,2014,0.60625
338,2014,0.61875
339,2014,0.5875
341,2014,0.60625
343,2014,0.24375
344,2014,0.5875
345,2014,0.63125
346,2014,0.5875
349,2014,0.5875
350,2014,0.60625
352,2014,0.625
355,2014,0.575
359,2014,0.5875
360,2014,0.59375
365,2014,0.725
366,2014,0.575
367,2014,0.575
368,2014,0.55
369,2014,0.525
370,2014,0.7625
371,2014,0.74375
372,2014,0.5875
373,2014,0.74375
375,2014,0.575
380,2014,0.60625
385,2014,0.5875
390,2014,0.56875
395,2014,0.59375
402,2014,0.7125
403,2014,0.61875
404,2014,0.71875
411,2014,0.33125
420,2014,0.4625
432,2014,0.825
433,2014,0.85
434,2014,0.675
435,2014,0.7625
436,2014,0.84375
437,2014,0.66875
438,2014,0.83125
439,2014,0.8
450,2014,0.74375
451,2014,0.34375
452,2014,0.71875
461,2014,0.7875
471,2014,0.71875
475,2014,0.8375
481,2014,0.25625
482,2014,0.71875
483,2014,0.55625
484,2014,0.78125
490,2014,0.275
500,2014,0.76875
501,2014,0.64375
510,2014,0.83125
516,2014,0.31875
517,2014,0.6875
520,2014,0.73125
522,2014,0.8375
530,2014,0.825
531,2014,0.8
540,2014,0.8375
541,2014,0.8375
551,2014,0.76875
552,2014,0.85625
553,2014,0.7
560,2014,0.83125
565,2014,0.85
570,2014,0.7375
571,2014,0.80625
572,2014,0.30625
580,2014,0.625
581,2014,0.36875
590,2014,0.81875
591,2014,0.7625
600,2014,0.825
615,2014,0.85625
616,2014,0.80625
620,2014,0.84375
625,2014,0.80625
626,2014,0.25625
630,2014,0.825
640,2014,0.65
645,2014,0.8625
651,2014,0.8625
652,2014,0.83125
660,2014,0.825
663,2014,0.8375
666,2014,0.21875
670,2014,0.81875
679,2014,0.81875
690,2014,0.8375
692,2014,0.84375
694,2014,0.84375
696,2014,0.84375
698,2014,0.8625
700,2014,0.825
701,2014,0.65
702,2014,0.8
703,2014,0.8125
704,2014,0.75
705,2014,0.8125
712,2014,0.8
731,2014,0.775
732,2014,0.5125
740,2014,0.6
750,2014,0.81875
760,2014,0.79375
770,2014,0.86875
771,2014,0.86875
775,2014,0.84375
780,2014,0.85
781,2014,0.8
790,2014,0.825
800,2014,0.825
811,2014,0.8125
812,2014,0.83125
816,2014,0.8375
820,2014,0.85
830,2014,0.84375
835,2014,0.85625
840,2014,0.7875
850,2014,0.85
860,2014,0.7375
900,2014,0.475
910,2014,0.7375
920,2014,0.5875
935,2014,0.6375
940,2014,0.8
946,2014,0.70625
947,2014,0.675
950,2014,0.74375
955,2014,0.58125
970,2014,0.0375
983,2014,0.36875
986,2014,0.2875
987,2014,0.29375
990,2014,0.69375
2,2015,0.20512820512820512
20,2015,0.30128205128205127
31,2015,0.6474358974358975
40,2015,0.8076923076923077
41,2015,0.2564102564102564
42,2015,0.7948717948717948
51,2015,0.7628205128205128
52,2015,0.7307692307692307
53,2015,0.6666666666666666
54,2015,0.4358974358974359
55,2015,0.7371794871794872
56,2015,0.75
57,2015,0.7564102564102564
58,2015,0.5961538461538461
60,2015,0.6538461538461539
70,2015,0.75
80,2015,0.7243589743589743
90,2015,0.7435897435897436
91,2015,0.6794871794871795
92,2015,0.717948717948718
93,2015,0.8012820512820513
94,2015,0.75
95,2015,0.7051282051282052
100,2015,0.7371794871794872
101,2015,0.7435897435897436
110,2015,0.7756410256410257
115,2015,0.5384615384615384
130,2015,0.8141025641025641
135,2015,0.7371794871794872
140,2015,0.7884615384615384
145,2015,0.8012820512820513
150,2015,0.6474358974358975
155,2015,0.7692307692307693
160,2015,0.7692307692307693
165,2015,0.7756410256410257
200,2015,0.46153846153846156
205,2015,0.5705128205128205
210,2015,0.5384615384615384
211,2015,0.5512820512820513
212,2015,0.5512820512820513
220,2015,0.4935897435897436
221,2015,0.5192307692307693
223,2015,0.5576923076923077
225,2015,0.5769230769230769
230,2015,0.5448717948717948
232,2015,0.5576923076923077
235,2015,0.5641025641025641
255,2015,0.5
290,2015,0.5512820512820513
305,2015,0.5512820512820513
310,2015,0.5384615384615384
316,2015,0.532051282051282
317,2015,0.5448717948717948
325,2015,0.5576923076923077
331,2015,0.5641025641025641
338,2015,0.5705128205128205
339,2015,0.5448717948717948
341,2015,0.5833333333333334
343,2015,0.5384615384615384
344,2015,0.5448717948717948
345,2015,0.5961538461538461
346,2015,0.5897435897435898
349,2015,0.5576923076923077
350,2015,0.5897435897435898
352,2015,0.5705128205128205
355,2015,0.5576923076923077
359,2015,0.5641025641025641
360,2015,0.5641025641025641
365,2015,0.75
366,2015,0.5512820512820513
367,2015,0.5512820512820513
368,2015,0.5384615384615384
369,2015,0.5512820512820513
370,2015,0.717948717948718
371,2015,0.6987179487179487
372,2015,0.5641025641025641
373,2015,0.717948717948718
375,2015,0.5705128205128205
380,2015,0.5705128205128205
385,2015,0.5705128205128205
390,2015,0.5448717948717948
395,2015,0.5833333333333334
402,2015,0.7371794871794872
403,2015,0.01282051282051282
404,2015,0.6987179487179487
411,2015,0.4935897435897436
420,2015,0.5192307692307693
432,2015,0.7564102564102564
433,2015,0.7692307692307693
434,2015,0.5897435897435898
435,2015,0.7307692307692307
436,2015,0.7692307692307693
437,2015,0.6153846153846154
438,2015,0.7564102564102564
439,2015,0.717948717948718
450,2015,0.6923076923076923
451,2015,0.5384615384615384
452,2015,0.6666666666666666
461,2015,0.6538461538461539
471,2015,0.6346153846153846
475,2015,0.782051282051282
481,2015,0.7243589743589743
482,2015,0.6025641025641025
483,2015,0.7115384615384616
484,2015,0.7756410256410257
490,2015,0.4230769230769231
500,2015,0.6794871794871795
501,2015,0.7692307692307693
510,2015,0.7948717948717948
516,2015,0.6794871794871795
517,2015,0.3782051282051282
520,2015,0.34615384615384615
522,2015,0.75
530,2015,0.7371794871794872
531,2015,0.7628205128205128
540,2015,0.5833333333333334
541,2015,0.75
551,2015,0.7051282051282052
552,2015,0.8076923076923077
553,2015,0.6410256410256411
560,2015,0.8012820512820513
565,2015,0.7115384615384616
570,2015,0.6474358974358975
571,2015,0.6923076923076923
572,2015,0.48717948717948717
580,2015,0.5448717948717948
581,2015,0.6153846153846154
590,2015,0.75
591,2015,0.16666666666666666
600,2015,0.7884615384615384
615,2015,0.8012820512820513
616,2015,0.7756410256410257
620,2015,0.7435897435897436
625,2015,0.7948717948717948
626,2015,0.28205128205128205
630,2015,0.7756410256410257
640,2015,0.6025641025641025
645,2015,0.7756410256410257
651,2015,0.7884615384615384
652,2015,0.7884615384615384
660,2015,0.782051282051282
663,2015,0.7756410256410257
666,2015,0.20512820512820512
670,2015,0.7628205128205128
679,2015,0.717948717948718
690,2015,0.782051282051282
692,2015,0.782051282051282
694,2015,0.7692307692307693
696,2015,0.782051282051282
698,2015,0.782051282051282
700,2015,0.75
701,2015,0.6666666666666666
702,2015,0.7243589743589743
703,2015,0.782051282051282
704,2015,0.75
705,2015,0.7948717948717948
712,2015,0.7371794871794872
731,2015,0.7756410256410257
732,2015,0.5833333333333334
740,2015,0.5961538461538461
750,2015,0.7948717948717948
760,2015,0.7948717948717948
770,2015,0.8269230769230769
771,2015,0.782051282051282
775,2015,0.8076923076923077
780,2015,0.7692307692307693
781,2015,0.7564102564102564
790,2015,0.782051282051282
800,2015,0.7692307692307693
811,2015,0.8012820512820513
812,2015,0.7756410256410257
816,2015,0.7756410256410257
820,2015,0.782051282051282
830,2015,0.7884615384615384
835,2015,0.8012820512820513
840,2015,0.782051282051282
850,2015,0.7884615384615384
860,2015,0.6730769230769231
900,2015,0.4551282051282051
910,2015,0.7051282051282052
920,2015,0.5833333333333334
935,2015,0.5769230769230769
940,2015,0.7371794871794872
946,2015,0.5769230769230769
947,2015,0.5
950,2015,0.7371794871794872
955,2015,0.5256410256410257
970,2015,0.16025641025641027
983,2015,0.3141025641025641
986,2015,0.23076923076923078
987,2015,0.23717948717948717
990,2015,0.6602564102564102
2,2016,0.6403508771929824
20,2016,0.35964912280701755
31,2016,0.9254385964912281
40,2016,0.7675438596491229
41,2016,0.6578947368421053
42,2016,0.16228070175438597
51,2016,0.7324561403508771
52,2016,0.7587719298245614
53,2016,0.6710526315789473
54,2016,0.6008771929824561
55,2016,0.5701754385964912
56,2016,0.6228070175438597
57,2016,0.7456140350877193
58,2016,0.8289473684210527
60,2016,0.8508771929824561
70,2016,0.7763157894736842
80,2016,0.8464912280701754
90,2016,0.7280701754385965
91,2016,0.7807017543859649
92,2016,0.20614035087719298
93,2016,0.9254385964912281
94,2016,0.8508771929824561
95,2016,0.37719298245614036
100,2016,0.6885964912280702
101,2016,0.6008771929824561
110,2016,0.5964912280701754
115,2016,0.6535087719298246
130,2016,0.15789473684210525
135,2016,0.32456140350877194
140,2016,0.8333333333333334
145,2016,0.8377192982456141
150,2016,0.35526315789473684
155,2016,0.45614035087719296
160,2016,0.8070175438596491
165,2016,0.6578947368421053
200,2016,0.6710526315789473
205,2016,0.5087719298245614
210,2016,0.32894736842105265
211,2016,0.10964912280701754
212,2016,0.4298245614035088
220,2016,0.8640350877192983
221,2016,0.6578947368421053
223,2016,0.12280701754385964
225,2016,0.039473684210526314
230,2016,0.31140350877192985
232,2016,0.8947368421052632
235,2016,0.09649122807017543
255,2016,0.2982456140350877
290,2016,0.06578947368421052
305,2016,0.7368421052631579
310,2016,0.7236842105263158
316,2016,0.6052631578947368
317,2016,0.8947368421052632
325,2016,0.5219298245614035
331,2016,0.35964912280701755
338,2016,0.8903508771929824
339,2016,0.7192982456140351
341,2016,0.3508771929824561
343,2016,0.35526315789473684
344,2016,0.7456140350877193
345,2016,0.19010416666666666
346,2016,0.868421052631579
349,2016,0.6622807017543859
350,2016,0.6228070175438597
352,2016,0.7368421052631579
355,2016,0.5350877192982456
359,2016,0.8185840707964602
360,2016,0.6271929824561403
365,2016,0.8333333333333334
366,2016,0.32456140350877194
367,2016,0.2807017543859649
368,2016,0.2982456140350877
369,2016,0.6271929824561403
370,2016,0.08333333333333333
371,2016,0.6491228070175439
372,2016,0.7763157894736842
373,2016,0.881578947368421
375,2016,0.8947368421052632
380,2016,0.3157894736842105
385,2016,0.5964912280701754
390,2016,0.44298245614035087
395,2016,0.7543859649122807
402,2016,0.8377192982456141
403,2016,0.08771929824561403
404,2016,0.7105263157894737
411,2016,0.5745614035087719
420,2016,0.8289473684210527
432,2016,0.6973684210526315
433,2016,0.043859649122807015
434,2016,0.7850877192982456
435,2016,0.8859649122807017
436,2016,0.8640350877192983
437,2016,0.7543859649122807
438,2016,0.7368421052631579
439,2016,0.6359649122807017
450,2016,0.3201754385964912
451,2016,0.543859649122807
452,2016,0.33771929824561403
461,2016,0.543859649122807
471,2016,0.42105263157894735
475,2016,0.6359649122807017
481,2016,0.8640350877192983
482,2016,0.49122807017543857
483,2016,0.4605263157894737
484,2016,0.793859649122807
490,2016,0.3815789473684211
500,2016,0.6666666666666666
501,2016,0.8552631578947368
510,2016,0.5614035087719298
516,2016,0.8640350877192983
517,2016,0.8245614035087719
520,2016,0.6798245614035088
522,2016,0.44298245614035087
530,2016,0.43859649122807015
531,2016,0.5043859649122807
540,2016,0.8903508771929824
541,2016,0.8640350877192983
551,2016,0.49122807017543857
552,2016,0.8111111111111111
553,2016,0.8070175438596491
560,2016,0.5307017543859649
565,2016,0.8903508771929824
570,2016,0.7017543859649122
571,2016,0.8333333333333334
572,2016,0.9385964912280702
580,2016,0.7149122807017544
581,2016,0.5526315789473685
590,2016,0.7982456140350878
591,2016,0.6008771929824561
600,2016,0.5482456140350878
615,2016,0.881578947368421
616,2016,0.868421052631579
620,2016,0.11363636363636363
625,2016,0.06140350877192982
626,2016,0.4298245614035088
630,2016,0.37280701754385964
640,2016,0.881578947368421
645,2016,0.22807017543859648
651,2016,0.2412280701754386
652,2016,0.06363636363636363
660,2016,0.8464912280701754
663,2016,0.8289473684210527
666,2016,0.8377192982456141
670,2016,0.17105263157894737
679,2016,0.7289719626168224
690,2016,0.33771929824561403
692,2016,0.8947368421052632
694,2016,0.38596491228070173
696,2016,0.6228070175438597
698,2016,0.5043859649122807
700,2016,0.8289473684210527
701,2016,0.9166666666666666
702,2016,0.29385964912280704
703,2016,0.33771929824561403
704,2016,0.6359649122807017
705,2016,0.8289473684210527
712,2016,0.14473684210526316
731,2016,0.40789473684210525
732,2016,0.7192982456140351
740,2016,0.8596491228070176
750,2016,0.9342105263157895
760,2016,0.8421052631578947
770,2016,0.09210526315789473
771,2016,0.9078947368421053
775,2016,0.8903508771929824
780,2016,0.07017543859649122
781,2016,0.8157894736842105
790,2016,0.631578947368421
800,2016,0.2894736842105263
811,2016,0.4649122807017544
812,2016,0.21052631578947367
816,2016,0.631578947368421
820,2016,0.8026315789473685
830,2016,0.7192982456140351
835,2016,0.6271929824561403
840,2016,0.3157894736842105
850,2016,0.9035087719298246
860,2016,0.6929824561403509
900,2016,0.6228070175438597
910,2016,0.34210526315789475
920,2016,0.3201754385964912
935,2016,0.6666666666666666
940,2016,0.8596491228070176
946,2016,0.3991228070175439
947,2016,0.9298245614035088
950,2016,0.7192982456140351
955,2016,0.5
970,2016,0.9298245614035088
983,2016,0.8903508771929824
986,2016,0.09649122807017543
987,2016,0.6228070175438597
990,2016,0.7675438596491229
2,2017,0.43023255813953487
20,2017,0.7209302325581395
31,2017,0.7015503875968992
40,2017,0.7984496124031008
41,2017,0.7015503875968992
42,2017,0.5930232558139535
51,2017,0.2868217054263566
52,2017,0.8953488372093024
53,2017,0.8372093023255814
54,2017,0.8953488372093024
55,2017,0.5426356589147286
56,2017,0.6782945736434108
57,2017,0.3798449612403101
58,2017,0.8217054263565892
60,2017,0.8682170542635659
70,2017,0.3875968992248062
80,2017,0.748062015503876
90,2017,0.7286821705426356
91,2017,0.8449612403100775
92,2017,0.46511627906976744
93,2017,0.8062015503875969
94,2017,0.7093023255813954
95,2017,0.7325581395348837
100,2017,0.6395348837209303
101,2017,0.40310077519379844
110,2017,0.8023255813953488
115,2017,0.7364341085271318
130,2017,0.5852713178294574
135,2017,0.810077519379845
140,2017,0.8294573643410853
145,2017,0.8217054263565892
150,2017,0.8062015503875969
155,2017,0.6317829457364341
160,2017,0.7868217054263565
165,2017,0.627906976744186
200,2017,0.36046511627906974
205,2017,0.875968992248062
210,2017,0.748062015503876
211,2017,0.6589147286821705
212,2017,0.40310077519379844
220,2017,0.8333333333333334
221,2017,0.8643410852713178
223,2017,0.6705426356589147
225,2017,0.6434108527131783
230,2017,0.5813953488372093
232,2017,0.31007751937984496
235,2017,0.6085271317829457
255,2017,0.7131782945736435
290,2017,0.7209302325581395
305,2017,0.7364341085271318
310,2017,0.8410852713178295
316,2017,0.9302325581395349
317,2017,0.8488372093023255
325,2017,0.12790697674418605
331,2017,0.8255813953488372
338,2017,0.7868217054263565
339,2017,0.6589147286821705
341,2017,0.8798449612403101
343,2017,0.12403100775193798
344,2017,0.810077519379845
345,2017,0.6155778894472361
346,2017,0.8953488372093024
349,2017,0.7596899224806202
350,2017,0.7325581395348837
352,2017,0.8643410852713178
355,2017,0.5658914728682171
359,2017,0.76953125
360,2017,0.7170542635658915
365,2017,0.7906976744186046
366,2017,0.6201550387596899
367,2017,0.7054263565891473
368,2017,0.7209302325581395
369,2017,0.6782945736434108
370,2017,0.4689922480620155
371,2017,0.7286821705426356
372,2017,0.7325581395348837
373,2017,0.7441860465116279
375,2017,0.7054263565891473
380,2017,0.7054263565891473
385,2017,0.08139534883720931
390,2017,0.6744186046511628
395,2017,0.7868217054263565
402,2017,0.43410852713178294
403,2017,0.6472868217054264
404,2017,0.7829457364341085
411,2017,0.7131782945736435
420,2017,0.8798449612403101
432,2017,0.689922480620155
433,2017,0.4186046511627907
434,2017,0.7286821705426356
435,2017,0.5658914728682171
436,2017,0.6821705426356589
437,2017,0.7558139534883721
438,2017,0.7054263565891473
439,2017,0.5968992248062015
450,2017,0.6705426356589147
451,2017,0.689922480620155
452,2017,0.8372093023255814
461,2017,0.748062015503876
471,2017,0.810077519379845
475,2017,0.5232558139534884
481,2017,0.9341085271317829
482,2017,0.21705426356589147
483,2017,0.17829457364341086
484,2017,0.4418604651162791
490,2017,0.9147286821705426
500,2017,0.748062015503876
501,2017,0.8217054263565892
510,2017,0.2248062015503876
516,2017,0.5891472868217055
517,2017,0.8217054263565892
520,2017,0.6782945736434108
522,2017,0.937984496124031
530,2017,0.9263565891472868
531,2017,0.7403100775193798
540,2017,0.7286821705426356
541,2017,0.8410852713178295
551,2017,0.8023255813953488
552,2017,0.716
553,2017,0.29844961240310075
560,2017,0.6937984496124031
565,2017,0.8992248062015504
570,2017,0.7015503875968992
571,2017,0.8604651162790697
572,2017,0.9302325581395349
580,2017,0.31007751937984496
581,2017,0.3449612403100775
590,2017,0.2713178294573643
591,2017,0.6782945736434108
600,2017,0.8643410852713178
615,2017,0.33203125
616,2017,0.9031007751937985
620,2017,0.7254098360655737
625,2017,0.6201550387596899
626,2017,0.5581395348837209
630,2017,0.686046511627907
640,2017,0.7093023255813954
645,2017,0.9069767441860465
651,2017,0.39147286821705424
652,2017,0.3162393162393162
660,2017,0.7364341085271318
663,2017,0.9418604651162791
666,2017,0.8837209302325582
670,2017,0.6007751937984496
679,2017,0.33203125
690,2017,0.9612403100775194
692,2017,0.810077519379845
694,2017,0.5271317829457365
696,2017,0.6356589147286822
698,2017,0.18604651162790697
700,2017,0.7209302325581395
701,2017,0.7093023255813954
702,2017,0.2364341085271318
703,2017,0.8682170542635659
704,2017,0.6046511627906976
705,2017,0.8449612403100775
712,2017,0.6472868217054264
731,2017,0.8914728682170543
732,2017,0.6434108527131783
740,2017,0.8527131782945736
750,2017,0.7441860465116279
760,2017,0.8837209302325582
770,2017,0.6705426356589147
771,2017,0.8449612403100775
775,2017,0.872093023255814
780,2017,0.5697674418604651
781,2017,0.6007751937984496
790,2017,0.8178294573643411
800,2017,0.28294573643410853
811,2017,0.3372093023255814
812,2017,0.6550387596899225
816,2017,0.32558139534883723
820,2017,0.24806201550387597
830,2017,0.8333333333333334
835,2017,0.5387596899224806
840,2017,0.8953488372093024
850,2017,0.7558139534883721
860,2017,0.3798449612403101
900,2017,0.7054263565891473
910,2017,0.7713178294573644
920,2017,0.7054263565891473
935,2017,0.5852713178294574
940,2017,0.9147286821705426
946,2017,0.8875968992248062
947,2017,0.9573643410852714
950,2017,0.8643410852713178
955,2017,0.7286821705426356
970,2017,0.9031007751937985
983,2017,0.6937984496124031
986,2017,0.689922480620155
987,2017,0.8372093023255814
990,2017,0.4263565891472868
2,2018,0.7894736842105263
20,2018,0.6526315789473685
31,2018,0.9263157894736842
40,2018,0.19473684210526315
41,2018,0.8052631578947368
42,2018,0.8526315789473684
51,2018,0.18421052631578946
52,2018,0.43157894736842106
53,2018,0.031578947368421054
54,2018,0.8157894736842105
55,2018,0.7368421052631579
56,2018,0.03684210526315789
57,2018,0.1631578947368421
58,2018,0.7368421052631579
60,2018,0.39473684210526316
70,2018,0.7473684210526316
80,2018,0.010526315789473684
90,2018,0.7263157894736842
91,2018,0.8
92,2018,0.8105263157894737
93,2018,0.7789473684210526
94,2018,0.42105263157894735
95,2018,0.9105263157894737
100,2018,0.6842105263157895
101,2018,0.968421052631579
110,2018,0.7263157894736842
115,2018,0.9315789473684211
130,2018,0.8631578947368421
135,2018,0.5736842105263158
140,2018,0.9105263157894737
145,2018,0.7736842105263158
150,2018,0.07894736842105263
155,2018,0.7315789473684211
160,2018,0.8368421052631579
165,2018,0.5736842105263158
200,2018,0.12105263157894737
205,2018,0.8263157894736842
210,2018,0.7473684210526316
211,2018,0.005263157894736842
212,2018,0.9
220,2018,0.9473684210526315
221,2018,0.24736842105263157
223,2018,0.7947368421052632
225,2018,0.9473684210526315
230,2018,0.031578947368421054
232,2018,0.968421052631579
235,2018,0.8315789473684211
255,2018,0.9052631578947369
290,2018,0.8368421052631579
305,2018,0.6473684210526316
310,2018,0.6526315789473685
316,2018,0.8421052631578947
317,2018,0.49473684210526314
325,2018,0.06842105263157895
331,2018,0.6
338,2018,0.07894736842105263
339,2018,0.8473684210526315
341,2018,0.9368421052631579
343,2018,0.8157894736842105
344,2018,0.22105263157894736
345,2018,0.8736842105263158
346,2018,0.8473684210526315
349,2018,0.9315789473684211
350,2018,0.6684210526315789
352,2018,0.5684210526315789
355,2018,0.6526315789473685
359,2018,0.8473684210526315
360,2018,0.9789473684210527
365,2018,0.8421052631578947
366,2018,0.9368421052631579
367,2018,0.868421052631579
368,2018,0.9368421052631579
369,2018,0.7947368421052632
370,2018,0
371,2018,0.8421052631578947
372,2018,0.7947368421052632
373,2018,0.9421052631578948
375,2018,0.8
380,2018,0.9473684210526315
385,2018,0.14736842105263157
390,2018,0.868421052631579
395,2018,0.5631578947368421
402,2018,0.6421052631578947
403,2018,0.8315789473684211
404,2018,0.6421052631578947
411,2018,0.8157894736842105
420,2018,0.6894736842105263
432,2018,0.1631578947368421
433,2018,0.7736842105263158
434,2018,0.6
435,2018,0.9421052631578948
436,2018,0.7842105263157895
437,2018,0.20526315789473684
438,2018,0.6789473684210526
439,2018,0.7578947368421053
450,2018,0.3263157894736842
451,2018,0.5736842105263158
452,2018,0.8473684210526315
461,2018,0.8789473684210526
471,2018,0.7315789473684211
475,2018,0.3473684210526316
481,2018,0.8368421052631579
482,2018,0.8894736842105263
483,2018,0.9578947368421052
484,2018,0.631578947368421
490,2018,0.9789473684210527
500,2018,0.9210526315789473
501,2018,0.8526315789473684
510,2018,0.8526315789473684
516,2018,0.7684210526315789
517,2018,0.8210526315789474
520,2018,0.7789473684210526
522,2018,0.7368421052631579
530,2018,0.8105263157894737
531,2018,0.8842105263157894
540,2018,0.7894736842105263
541,2018,0.7578947368421053
551,2018,0.8894736842105263
552,2018,0.8210526315789474
553,2018,0.6789473684210526
560,2018,0.5368421052631579
565,2018,0.8368421052631579
570,2018,0.3105263157894737
571,2018,0.9421052631578948
572,2018,0.9578947368421052
580,2018,0.7157894736842105
581,2018,0.6736842105263158
590,2018,0.8105263157894737
591,2018,0.9789473684210527
600,2018,0.8052631578947368
615,2018,0.9578947368421052
616,2018,0.021052631578947368
620,2018,0.8263157894736842
625,2018,0.4052631578947368
626,2018,0
630,2018,0.8631578947368421
640,2018,0.031578947368421054
645,2018,0.8789473684210526
651,2018,0.7894736842105263
652,2018,0.8157894736842105
660,2018,0.8105263157894737
663,2018,0.8842105263157894
666,2018,0.6684210526315789
670,2018,0.8315789473684211
679,2018,0.9210526315789473
690,2018,0.12631578947368421
692,2018,0.19473684210526315
694,2018,0.7736842105263158
696,2018,0.031578947368421054
698,2018,0.48947368421052634
700,2018,0.8617021276595744
701,2018,0.04736842105263158
702,2018,0.7842105263157895
703,2018,0.25263157894736843
704,2018,0.6
705,2018,0.968421052631579
712,2018,0.8789473684210526
731,2018,0.9052631578947369
732,2018,0.6947368421052632
740,2018,0.868421052631579
750,2018,0.07894736842105263
760,2018,0.6526315789473685
770,2018,0.6052631578947368
771,2018,0.06842105263157895
775,2018,0.8210526315789474
780,2018,0.06842105263157895
781,2018,0.9263157894736842
790,2018,0.7105263157894737
800,2018,0.7421052631578947
811,2018,0.6473684210526316
812,2018,0.2894736842105263
816,2018,0.9473684210526315
820,2018,0.9263157894736842
830,2018,0.25263157894736843
835,2018,0.7789473684210526
840,2018,0.7894736842105263
850,2018,0.25263157894736843
860,2018,0.9789473684210527
900,2018,0.7
910,2018,0.38421052631578945
920,2018,0.6473684210526316
935,2018,0.9789473684210527
940,2018,0.868421052631579
946,2018,0.07368421052631578
947,2018,0.21052631578947367
950,2018,0.6368421052631579
955,2018,0.5263157894736842
970,2018,0.7157894736842105
983,2018,0.8368421052631579
986,2018,0.8842105263157894
987,2018,0.33157894736842103
990,2018,0.32105263157894737
2,2019,0.16483516483516483
20,2019,0.42857142857142855
31,2019,0.7692307692307693
40,2019,0.8461538461538461
41,2019,0.4835164835164835
42,2019,0.7967032967032966
51,2019,0.8021978021978022
52,2019,0.6703296703296703
53,2019,0.7307692307692307
54,2019,0.09340659340659341
55,2019,0.7142857142857143
56,2019,0.7912087912087912
57,2019,0.7967032967032966
58,2019,0.7802197802197802
60,2019,0.7252747252747253
70,2019,0.7747252747252747
80,2019,0.7857142857142857
90,2019,0.6813186813186813
91,2019,0.6978021978021978
92,2019,0.7967032967032966
93,2019,0.8571428571428571
94,2019,0.7692307692307693
95,2019,0.7582417582417582
100,2019,0.7307692307692307
101,2019,0.8406593406593407
110,2019,0.7747252747252747
115,2019,0.8186813186813187
130,2019,0.8076923076923077
135,2019,0.7857142857142857
140,2019,0.6813186813186813
145,2019,0.7197802197802198
150,2019,0.7747252747252747
155,2019,0.7967032967032966
160,2019,0.8021978021978022
165,2019,0.8076923076923077
200,2019,0.4835164835164835
205,2019,0.5934065934065934
210,2019,0.5714285714285714
211,2019,0.5714285714285714
212,2019,0.5714285714285714
220,2019,0.521978021978022
221,2019,0.5769230769230769
223,2019,0.5989010989010989
225,2019,0.5824175824175825
230,2019,0.5714285714285714
232,2019,0.5879120879120879
235,2019,0.5769230769230769
255,2019,0.554945054945055
290,2019,0.554945054945055
305,2019,0.5824175824175825
310,2019,0.5384615384615384
316,2019,0.5439560439560439
317,2019,0.5659340659340659
325,2019,0.5714285714285714
331,2019,0.5879120879120879
338,2019,0.5934065934065934
339,2019,0.5604395604395604
341,2019,0.5769230769230769
343,2019,0.5714285714285714
344,2019,0.5769230769230769
345,2019,0.6868131868131868
346,2019,0.6318681318681318
349,2019,0.5824175824175825
350,2019,0.5769230769230769
352,2019,0.6098901098901099
355,2019,0.5659340659340659
359,2019,0.5824175824175825
360,2019,0.5604395604395604
365,2019,0.8021978021978022
366,2019,0.5604395604395604
367,2019,0.554945054945055
368,2019,0.5494505494505495
369,2019,0.5384615384615384
370,2019,0.8076923076923077
371,2019,0.7967032967032966
372,2019,0.5824175824175825
373,2019,0.7967032967032966
375,2019,0.5824175824175825
380,2019,0.5824175824175825
385,2019,0.5934065934065934
390,2019,0.5604395604395604
395,2019,0.5824175824175825
402,2019,0.7692307692307693
403,2019,0.5714285714285714
404,2019,0.5769230769230769
411,2019,0.17032967032967034
420,2019,0.8021978021978022
432,2019,0.8131868131868132
433,2019,0.7967032967032966
434,2019,0.7802197802197802
435,2019,0.7857142857142857
436,2019,0.5714285714285714
437,2019,0.7582417582417582
438,2019,0.5384615384615384
439,2019,0.7197802197802198
450,2019,0.3131868131868132
451,2019,0.7857142857142857
452,2019,0.7472527472527473
461,2019,0.7252747252747253
471,2019,0.7307692307692307
475,2019,0.7967032967032966
481,2019,0.7747252747252747
482,2019,0.6868131868131868
483,2019,0.7362637362637363
484,2019,0.6758241758241759
490,2019,0.3956043956043956
500,2019,0.8076923076923077
501,2019,0.7967032967032966
510,2019,0.6153846153846154
516,2019,0.7362637362637363
517,2019,0.7032967032967034
520,2019,0.32967032967032966
522,2019,0.7857142857142857
530,2019,0.8131868131868132
531,2019,0.8296703296703297
540,2019,0.8021978021978022
541,2019,0.8186813186813187
551,2019,0.8076923076923077
552,2019,0.8571428571428571
553,2019,0.5714285714285714
560,2019,0.7967032967032966
565,2019,0.7912087912087912
570,2019,0.7527472527472527
571,2019,0.7747252747252747
572,2019,0.5164835164835165
580,2019,0.6428571428571429
581,2019,0.6483516483516484
590,2019,0.8021978021978022
591,2019,0.7087912087912088
600,2019,0.7967032967032966
615,2019,0.8296703296703297
616,2019,0.8021978021978022
620,2019,0.7912087912087912
625,2019,0.8076923076923077
626,2019,0.34615384615384615
630,2019,0.8131868131868132
640,2019,0.6593406593406593
645,2019,0.8186813186813187
651,2019,0.8296703296703297
652,2019,0.7967032967032966
660,2019,0.8131868131868132
663,2019,0.7912087912087912
666,2019,0.19230769230769232
670,2019,0.7857142857142857
679,2019,0.7747252747252747
690,2019,0.8076923076923077
692,2019,0.8021978021978022
694,2019,0.8076923076923077
696,2019,0.8076923076923077
698,2019,0.8076923076923077
700,2019,0.7802197802197802
701,2019,0.6703296703296703
702,2019,0.8131868131868132
703,2019,0.7912087912087912
704,2019,0.7857142857142857
705,2019,0.8296703296703297
712,2019,0.8076923076923077
731,2019,0.7747252747252747
732,2019,0.6043956043956044
740,2019,0.6318681318681318
750,2019,0.8406593406593407
760,2019,0.8186813186813187
770,2019,0.8461538461538461
771,2019,0.8131868131868132
775,2019,0.6428571428571429
780,2019,0.8296703296703297
781,2019,0.8076923076923077
790,2019,0.8186813186813187
800,2019,0.8186813186813187
811,2019,0.8626373626373627
812,2019,0.8406593406593407
816,2019,0.8186813186813187
820,2019,0.8186813186813187
830,2019,0.8296703296703297
835,2019,0.8241758241758241
840,2019,0.8296703296703297
850,2019,0.8186813186813187
860,2019,0.7637362637362637
900,2019,0.43956043956043955
910,2019,0.45054945054945056
920,2019,0.5989010989010989
935,2019,0.6813186813186813
940,2019,0.5714285714285714
946,2019,0.6703296703296703
947,2019,0.4175824175824176
950,2019,0.7637362637362637
955,2019,0.45054945054945056
970,2019,0.4175824175824176
983,2019,0.3021978021978022
986,2019,0.521978021978022
987,2019,0.29120879120879123
990,2019,0.7417582417582418
2,2020,0.14583333333333334
20,2020,0.4635416666666667
31,2020,0.6770833333333334
40,2020,0.828125
41,2020,0.4583333333333333
42,2020,0.7604166666666666
51,2020,0.7552083333333334
52,2020,0.7864583333333334
53,2020,0.7447916666666666
54,2020,0.2604166666666667
55,2020,0.7604166666666666
56,2020,0.7447916666666666
57,2020,0.7135416666666666
58,2020,0.5885416666666666
60,2020,0.6145833333333334
70,2020,0.7395833333333334
80,2020,0.7552083333333334
90,2020,0.6666666666666666
91,2020,0.6666666666666666
92,2020,0.7708333333333334
93,2020,0.8333333333333334
94,2020,0.7552083333333334
95,2020,0.7135416666666666
100,2020,0.7083333333333334
101,2020,0.8385416666666666
110,2020,0.7395833333333334
115,2020,0.7708333333333334
130,2020,0.7708333333333334
135,2020,0.7395833333333334
140,2020,0.6614583333333334
145,2020,0.7916666666666666
150,2020,0.7447916666666666
155,2020,0.75
160,2020,0.765625
165,2020,0.7239583333333334
200,2020,0.5104166666666666
205,2020,0.6041666666666666
210,2020,0.5729166666666666
211,2020,0.5885416666666666
212,2020,0.5885416666666666
220,2020,0.5416666666666666
221,2020,0.5833333333333334
223,2020,0.6041666666666666
225,2020,0.6041666666666666
230,2020,0.6041666666666666
232,2020,0.5885416666666666
235,2020,0.5989583333333334
255,2020,0.5677083333333334
290,2020,0.5729166666666666
305,2020,0.5833333333333334
310,2020,0.5208333333333334
316,2020,0.546875
317,2020,0.5729166666666666
325,2020,0.59375
331,2020,0.5989583333333334
338,2020,0.609375
339,2020,0.5885416666666666
341,2020,0.59375
343,2020,0.5833333333333334
344,2020,0.5625
345,2020,0.65625
346,2020,0.6510416666666666
349,2020,0.578125
350,2020,0.59375
352,2020,0.6197916666666666
355,2020,0.5729166666666666
359,2020,0.609375
360,2020,0.5833333333333334
365,2020,0.8072916666666666
366,2020,0.5729166666666666
367,2020,0.5833333333333334
368,2020,0.5677083333333334
369,2020,0.5572916666666666
370,2020,0.8177083333333334
371,2020,0.734375
372,2020,0.5885416666666666
373,2020,0.765625
375,2020,0.5885416666666666
380,2020,0.5885416666666666
385,2020,0.5989583333333334
390,2020,0.5729166666666666
395,2020,0.59375
402,2020,0.7135416666666666
403,2020,0.578125
404,2020,0.65625
411,2020,0.4270833333333333
420,2020,0.7447916666666666
432,2020,0.7708333333333334
433,2020,0.7604166666666666
434,2020,0.359375
435,2020,0.7864583333333334
436,2020,0.6822916666666666
437,2020,0.7291666666666666
438,2020,0.4791666666666667
439,2020,0.6145833333333334
450,2020,0.3854166666666667
451,2020,0.7395833333333334
452,2020,0.6197916666666666
461,2020,0.703125
471,2020,0.6822916666666666
475,2020,0.7760416666666666
481,2020,0.6197916666666666
482,2020,0.3697916666666667
483,2020,0.6875
484,2020,0.484375
490,2020,0.3385416666666667
500,2020,0.6197916666666666
501,2020,0.703125
510,2020,0.6822916666666666
516,2020,0.7447916666666666
517,2020,0.6145833333333334
520,2020,0.010416666666666666
522,2020,0.75
530,2020,0.7760416666666666
531,2020,0.7708333333333334
540,2020,0.6510416666666666
541,2020,0.7760416666666666
551,2020,0.6354166666666666
552,2020,0.8177083333333334
553,2020,0.6458333333333334
560,2020,0.7708333333333334
565,2020,0.7760416666666666
570,2020,0.7395833333333334
571,2020,0.7604166666666666
572,2020,0.453125
580,2020,0.7239583333333334
581,2020,0.3541666666666667
590,2020,0.7708333333333334
591,2020,0.18229166666666666
600,2020,0.7604166666666666
615,2020,0.8020833333333334
616,2020,0.78125
620,2020,0.765625
625,2020,0.8020833333333334
626,2020,0.28125
630,2020,0.796875
640,2020,0.65625
645,2020,0.78125
651,2020,0.796875
652,2020,0.8385416666666666
660,2020,0.7760416666666666
663,2020,0.765625
666,2020,0.203125
670,2020,0.7760416666666666
679,2020,0.7552083333333334
690,2020,0.7760416666666666
692,2020,0.78125
694,2020,0.7760416666666666
696,2020,0.7760416666666666
698,2020,0.7916666666666666
700,2020,0.7552083333333334
701,2020,0.5729166666666666
702,2020,0.7135416666666666
703,2020,0.765625
704,2020,0.7604166666666666
705,2020,0.7864583333333334
712,2020,0.765625
731,2020,0.7916666666666666
732,2020,0.6041666666666666
740,2020,0.6614583333333334
750,2020,0.7916666666666666
760,2020,0.7760416666666666
770,2020,0.828125
771,2020,0.7916666666666666
775,2020,0.6458333333333334
780,2020,0.78125
781,2020,0.7708333333333334
790,2020,0.7760416666666666
800,2020,0.7760416666666666
811,2020,0.8177083333333334
812,2020,0.8072916666666666
816,2020,0.796875
820,2020,0.78125
830,2020,0.7864583333333334
835,2020,0.7916666666666666
840,2020,0.7864583333333334
850,2020,0.7916666666666666
860,2020,0.6979166666666666
900,2020,0.4791666666666667
910,2020,0.640625
920,2020,0.6041666666666666
935,2020,0.5625
940,2020,0.5
946,2020,0.640625
947,2020,0.390625
950,2020,0.7083333333333334
955,2020,0.5885416666666666
970,2020,0.28125
983,2020,0.3020833333333333
986,2020,0.4479166666666667
987,2020,0.21875
990,2020,0.6927083333333334
2,2021,0.2077922077922078
20,2021,0.45454545454545453
31,2021,0.7077922077922078
40,2021,0.8636363636363636
41,2021,0.7402597402597403
42,2021,0.7792207792207793
51,2021,0.8116883116883117
52,2021,0.8311688311688312
53,2021,0.7922077922077922
54,2021,0.38311688311688313
55,2021,0.7337662337662337
56,2021,0.7922077922077922
57,2021,0.7532467532467533
58,2021,0.6818181818181818
60,2021,0.6623376623376623
70,2021,0.7922077922077922
80,2021,0.7207792207792207
90,2021,0.7272727272727273
91,2021,0.7207792207792207
92,2021,0.7987012987012987
93,2021,0.8766233766233766
94,2021,0.7922077922077922
95,2021,0.7662337662337663
100,2021,0.7597402597402597
101,2021,0.8636363636363636
110,2021,0.8051948051948052
115,2021,0.7922077922077922
130,2021,0.7857142857142857
135,2021,0.8116883116883117
140,2021,0.7077922077922078
145,2021,0.8506493506493507
150,2021,0.8051948051948052
155,2021,0.8051948051948052
160,2021,0.7987012987012987
165,2021,0.7662337662337663
200,2021,0.4675324675324675
205,2021,0.6103896103896104
210,2021,0.577922077922078
211,2021,0.5909090909090909
212,2021,0.5844155844155844
220,2021,0.5064935064935064
221,2021,0.5844155844155844
223,2021,0.6168831168831169
225,2021,0.6168831168831169
230,2021,0.6103896103896104
232,2021,0.6103896103896104
235,2021,0.6038961038961039
255,2021,0.5714285714285714
290,2021,0.564935064935065
305,2021,0.5909090909090909
310,2021,0.5324675324675324
316,2021,0.5324675324675324
317,2021,0.5714285714285714
325,2021,0.525974025974026
331,2021,0.5909090909090909
338,2021,0.6038961038961039
339,2021,0.577922077922078
341,2021,0.5909090909090909
343,2021,0.5844155844155844
344,2021,0.5714285714285714
345,2021,0.6948051948051948
346,2021,0.6623376623376623
349,2021,0.564935064935065
350,2021,0.5974025974025974
352,2021,0.5974025974025974
355,2021,0.5844155844155844
359,2021,0.5909090909090909
360,2021,0.5714285714285714
365,2021,0.8246753246753247
366,2021,0.564935064935065
367,2021,0.564935064935065
368,2021,0.5584415584415584
369,2021,0.5324675324675324
370,2021,0.8376623376623377
371,2021,0.8051948051948052
372,2021,0.6103896103896104
373,2021,0.7662337662337663
375,2021,0.5844155844155844
380,2021,0.6038961038961039
385,2021,0.5909090909090909
390,2021,0.5714285714285714
395,2021,0.5974025974025974
402,2021,0.6883116883116883
403,2021,0.38961038961038963
404,2021,0.7727272727272727
411,2021,0.5064935064935064
420,2021,0.7922077922077922
432,2021,0.8376623376623377
433,2021,0.8116883116883117
434,2021,0.35064935064935066
435,2021,0.8116883116883117
436,2021,0.4935064935064935
437,2021,0.7727272727272727
438,2021,0.7597402597402597
439,2021,0.7402597402597403
450,2021,0.37662337662337664
451,2021,0.7337662337662337
452,2021,0.7597402597402597
461,2021,0.7077922077922078
471,2021,0.7207792207792207
475,2021,0.8051948051948052
481,2021,0.5714285714285714
482,2021,0.45454545454545453
483,2021,0.8311688311688312
484,2021,0.5324675324675324
490,2021,0
500,2021,0.7922077922077922
501,2021,0.7922077922077922
510,2021,0.7142857142857143
516,2021,0.564935064935065
517,2021,0.6428571428571429
520,2021,0.6753246753246753
522,2021,0.8311688311688312
530,2021,0.8376623376623377
531,2021,0.8181818181818182
540,2021,0.8181818181818182
541,2021,0.7207792207792207
551,2021,0.7207792207792207
552,2021,0.8441558441558441
553,2021,0.6428571428571429
560,2021,0.7987012987012987
565,2021,0.8116883116883117
570,2021,0.7727272727272727
571,2021,0.6558441558441559
572,2021,0.5324675324675324
580,2021,0.7142857142857143
581,2021,0.7922077922077922
590,2021,0.7987012987012987
591,2021,0.474025974025974
600,2021,0.7857142857142857
615,2021,0.8441558441558441
616,2021,0.8116883116883117
620,2021,0.8051948051948052
625,2021,0.7922077922077922
626,2021,0.5194805194805194
630,2021,0.7922077922077922
640,2021,0.6363636363636364
645,2021,0.7987012987012987
651,2021,0.8181818181818182
652,2021,0.8051948051948052
660,2021,0.8246753246753247
663,2021,0.8051948051948052
666,2021,0.22727272727272727
670,2021,0.8051948051948052
679,2021,0.8051948051948052
690,2021,0.8051948051948052
692,2021,0.8051948051948052
694,2021,0.8051948051948052
696,2021,0.8116883116883117
698,2021,0.8181818181818182
700,2021,0.7207792207792207
701,2021,0.6753246753246753
702,2021,0.7857142857142857
703,2021,0.8051948051948052
704,2021,0.7792207792207793
705,2021,0.8311688311688312
712,2021,0.8311688311688312
731,2021,0.8051948051948052
732,2021,0.5909090909090909
740,2021,0.6233766233766234
750,2021,0.7987012987012987
760,2021,0.7922077922077922
770,2021,0.8311688311688312
771,2021,0.8376623376623377
775,2021,0.6428571428571429
780,2021,0.8441558441558441
781,2021,0.8051948051948052
790,2021,0.8051948051948052
800,2021,0.8116883116883117
811,2021,0.8441558441558441
812,2021,0.8116883116883117
816,2021,0.8116883116883117
820,2021,0.8311688311688312
830,2021,0.8246753246753247
835,2021,0.8311688311688312
840,2021,0.8246753246753247
850,2021,0.8311688311688312
860,2021,0.7922077922077922
900,2021,0.461038961038961
910,2021,0.577922077922078
920,2021,0.6233766233766234
935,2021,0.6948051948051948
940,2021,0.5584415584415584
946,2021,0.6818181818181818
947,2021,0.2077922077922078
950,2021,0.7662337662337663
955,2021,0.6168831168831169
970,2021,0.33116883116883117
983,2021,0.36363636363636365
986,2021,0.4675324675324675
987,2021,0.3181818181818182
990,2021,0.5584415584415584
